{"project_info":{"project_id":"petboxandroid","project_number":"556162271742","name":"PetboxAndroid"},"client":[{"client_info":{"mobilesdk_app_id":"1:556162271742:android:44aa7aac04e2710f","client_id":"android:com.petbox.shop","client_type":1,"android_client_info":{"package_name":"com.petbox.shop"}},"oauth_client":[],"api_key":[],"services":{"analytics_service":{"status":2,"analytics_property":{"tracking_id":"UA-69008860-2"}},"cloud_messaging_service":{"status":1,"apns_config":[]},"appinvite_service":{"status":1,"other_platform_oauth_client":[]},"google_signin_service":{"status":1},"ads_service":{"status":1}}}],"client_info":[],"ARTIFACT_VERSION":"1"}